"product_id","product_name","description","product_image","product_info_image","our_selling_price","original_price","promo_item","saving_per_unit","display_saving_per_unit","outlet_item_id","popularity_index","sold_per","unit","approx_weight","size_label","label_value","each_suffix","allow_grams","status_available","status_available_label","featured_item","vendor_id","outlet_id","outlet_name","department_id","department_name","aisle_id","aisle_name","brand_id","brand_title","product_cart","cart_qty","cart_notes","cart_detail_id","is_favorited"
36115,"اديداس
بيور جيم
سائل
استحمام
للشعر,
الجسم
والوجه","","https://cdn.basket.jo/assets/images/products/list/36115_1627560261.jpg","https://cdn.basket.jo/assets/images/products/detail/36115_1627560261.jpg",2.75,2.75,0,0,"",215589,35739,1,"ml",0,18,"250",0,0,1,"متوفر",0,180,67,"MAF Carrefour-City Mall",3868,"العناية الشخصية",3908,"سائل الاستحمام وغسول الجسم",695,"آديداس",0,0,"",0,0
17720,"اديداس جت ريدي جل استحمام للجسم مغذي بزيت الجوز للنساء","","https://cdn.basket.jo/assets/images/products/list/17720_1583411723.jpg","https://cdn.basket.jo/assets/images/products/detail/17720_1583411723.jpg",5.19,5.19,0,0,"",215556,35727,1,"ml",0,18,"250",0,0,1,"متوفر",0,180,67,"MAF Carrefour-City Mall",3868,"العناية الشخصية",3908,"سائل الاستحمام وغسول الجسم",695,"آديداس",0,0,"",0,0
17728,"اديداس جل استحمام للجسم مزيل السموم من البشرة للنساء","","https://cdn.basket.jo/assets/images/products/list/17728_1526555587.jpg","https://cdn.basket.jo/assets/images/products/detail/17728_1526555587.jpg",3.1,3.1,0,0,"",215558,35732,1,"ml",0,18,"250",0,0,1,"متوفر",0,180,67,"MAF Carrefour-City Mall",3868,"العناية الشخصية",3908,"سائل الاستحمام وغسول الجسم",695,"آديداس",0,0,"",0,0
5859,"اديداس
ديناميك 
بلس 2 في 1
مزيل عرق
للرجال","","https://cdn.basket.jo/assets/images/products/list/5859_1583250737.jpg","https://cdn.basket.jo/assets/images/products/detail/5859_1583250737.jpg",2.753,2.753,0,0,"",215587,35722,1,"ml",0,18,"250",0,0,1,"متوفر",0,180,67,"MAF Carrefour-City Mall",3868,"العناية الشخصية",3908,"سائل الاستحمام وغسول الجسم",695,"آديداس",0,0,"",0,0
17681,"اديداس
سموذ ميكرو بيرل سائل استحمام
مرطب للجسم للنساء","","https://cdn.basket.jo/assets/images/products/list/17681_1526555544.jpg","https://cdn.basket.jo/assets/images/products/detail/17681_1526555544.jpg",3.1,3.1,0,0,"",215571,35725,1,"ml",0,18,"250",0,0,1,"متوفر",0,180,67,"MAF Carrefour-City Mall",3868,"العناية الشخصية",3908,"سائل الاستحمام وغسول الجسم",695,"آديداس",0,0,"",0,0
17723,"اديداس فيتاليتي جل استحمام مرطب للجسم للنساء","","https://cdn.basket.jo/assets/images/products/list/17723_1580119571.jpg","https://cdn.basket.jo/assets/images/products/detail/17723_1580119571.jpg",3.1,3.1,0,0,"",215557,35728,1,"ml",0,18,"250",0,0,1,"متوفر",0,180,67,"MAF Carrefour-City Mall",3868,"العناية الشخصية",3908,"سائل الاستحمام وغسول الجسم",695,"آديداس",0,0,"",0,0
55714,"اكس غسول
للجسم 
انيرجسيد 200% 3 في 1","","https://cdn.basket.jo/assets/images/products/list/55714_1551597435.jpg","https://cdn.basket.jo/assets/images/products/detail/55714_1551597435.jpg",2.4,2.4,0,0,"",710391,32700,1,"ml",0,18,"250",0,0,1,"متوفر",0,180,67,"MAF Carrefour-City Mall",3868,"العناية الشخصية",3908,"سائل الاستحمام وغسول الجسم",644,"أكسي",0,0,"",0,0
136444,"امبريال لذر كريم الاستحمام برائحة المانجو والبابايا","","https://cdn.basket.jo/assets/images/products/list/136444_1617204712.jpg","https://cdn.basket.jo/assets/images/products/detail/136444_1617204712.jpg",3.29,3.29,0,0,"",1750220,68174,1,"ml",0,18,"400",0,0,1,"متوفر",0,180,67,"MAF Carrefour-City Mall",3868,"العناية الشخصية",3908,"سائل الاستحمام وغسول الجسم",1173,"إمبيريال ليذير",0,0,"",0,0
136379,"إمبريال ليذر جل الاستحمام برائحة الياسمين والفانيليا","","https://cdn.basket.jo/assets/images/products/list/136379_1617261037.jpg","https://cdn.basket.jo/assets/images/products/detail/136379_1617261037.jpg",3.29,3.29,0,0,"",1750931,68173,1,"ml",0,18,"400",0,0,1,"متوفر",0,180,67,"MAF Carrefour-City Mall",3868,"العناية الشخصية",3908,"سائل الاستحمام وغسول الجسم",1173,"إمبيريال ليذير",0,0,"",0,0
43748,"اولد سبايس سبورت بلس غسول للجسم منظف عميق","","https://cdn.basket.jo/assets/images/products/list/43748_1541446763.jpg","https://cdn.basket.jo/assets/images/products/detail/43748_1541446763.jpg",2.2,2.2,0,0,"",724906,36385,1,"oz",0,15,"3",0,0,1,"متوفر",0,180,67,"MAF Carrefour-City Mall",3868,"العناية الشخصية",3908,"سائل الاستحمام وغسول الجسم",706,"أولد سبايس",0,0,"",0,0
21010,"اولد سبايس
غسول للجسم رائحة كلاسيك","","https://cdn.basket.jo/assets/images/products/list/21010_1600346465.jpg","https://cdn.basket.jo/assets/images/products/detail/21010_1600346465.jpg",5.99,5.99,0,0,"",1318250,36371,1,"ml",0,18,"532",0,0,1,"متوفر",0,180,67,"MAF Carrefour-City Mall",3868,"العناية الشخصية",3908,"سائل الاستحمام وغسول الجسم",706,"أولد سبايس",0,0,"",0,0
17354,"اولد سبايس فيجي سائل استحمام للجسم بشجرة النخيل","","https://cdn.basket.jo/assets/images/products/list/17354_1626099755.jpg","https://cdn.basket.jo/assets/images/products/detail/17354_1626099755.jpg",6.49,6.49,0,0,"",1318251,36361,1,"ml",0,18,"473",0,0,1,"متوفر",0,180,67,"MAF Carrefour-City Mall",3868,"العناية الشخصية",3908,"سائل الاستحمام وغسول الجسم",706,"أولد سبايس",0,0,"",0,0
92452,"اولد سبايس
كابتين جل استحمام وشامبو 2 في 1 للرجال
","","https://cdn.basket.jo/assets/images/products/list/92452_1591620990.jpg","https://cdn.basket.jo/assets/images/products/detail/92452_1591620990.jpg",3.35,3.35,0,0,"",896064,36349,1,"ml",0,18,"250",0,0,1,"متوفر",0,180,67,"MAF Carrefour-City Mall",3868,"العناية الشخصية",3908,"سائل الاستحمام وغسول الجسم",706,"أولد سبايس",0,0,"",0,0
139978,"اولد سبايس هارديست هايدرو ووش سائل استحمام","","https://cdn.basket.jo/assets/images/products/list/139978_1619090014.jpg","https://cdn.basket.jo/assets/images/products/detail/139978_1619090014.jpg",6.49,6.49,0,0,"",1843326,0,1,"ml",0,18,"473",0,0,1,"متوفر",0,180,67,"MAF Carrefour-City Mall",3868,"العناية الشخصية",3908,"سائل الاستحمام وغسول الجسم",706,"أولد سبايس",0,0,"",0,0
17401,"باس جل
استحمام
برائحة
الفانيلا","","https://cdn.basket.jo/assets/images/products/list/17401_1547678802.jpg","https://cdn.basket.jo/assets/images/products/detail/17401_1547678802.jpg",0.99,0.99,0,0,"",215517,34087,1,"ml",0,18,"800",0,0,1,"متوفر",0,180,67,"MAF Carrefour-City Mall",3868,"العناية الشخصية",3908,"سائل الاستحمام وغسول الجسم",1684,"باستا ماما",0,0,"",0,0
17394,"باس سائل
للاستحمام
للجسم
برائحة
الفواكه
الاستوائية
","","https://cdn.basket.jo/assets/images/products/list/17394_1627342024.jpg","https://cdn.basket.jo/assets/images/products/detail/17394_1627342024.jpg",0.99,0.99,0,0,"",215515,34086,1,"ml",0,18,"800",0,0,1,"متوفر",0,180,67,"MAF Carrefour-City Mall",3868,"العناية الشخصية",3908,"سائل الاستحمام وغسول الجسم",1684,"باستا ماما",0,0,"",0,0
17391,"باس سائل
للاستحمام ناعم ومنعش 
برائحة
نسيم البحر","","https://cdn.basket.jo/assets/images/products/list/17391_1575376422.jpg","https://cdn.basket.jo/assets/images/products/detail/17391_1575376422.jpg",0.99,0.99,0,0,"",215516,34085,1,"ml",0,18,"800",0,0,1,"متوفر",0,180,67,"MAF Carrefour-City Mall",3868,"العناية الشخصية",3908,"سائل الاستحمام وغسول الجسم",1684,"باستا ماما",0,0,"",0,0
704,"بالموليف اروما ثيربي 
سائل
استحمام
ابسليوت 
ريلاكس","","https://cdn.basket.jo/assets/images/products/list/704_1583257665.jpg","https://cdn.basket.jo/assets/images/products/detail/704_1583257665.jpg",3.2,3.2,0,0,"",215551,23040,1,"ml",0,18,"500",0,0,1,"متوفر",0,180,67,"MAF Carrefour-City Mall",3868,"العناية الشخصية",3908,"سائل الاستحمام وغسول الجسم",598,"بالموليف",0,0,"",0,0
702,"بالموليف اروما
ريلاكس جل
للاستحمام","","https://cdn.basket.jo/assets/images/products/list/702_1513179031.jpg","https://cdn.basket.jo/assets/images/products/detail/702_1513179031.jpg",1.9,1.9,0,0,"",215541,23002,1,"ml",0,18,"250",0,0,1,"متوفر",0,180,67,"MAF Carrefour-City Mall",3868,"العناية الشخصية",3908,"سائل الاستحمام وغسول الجسم",598,"بالموليف",0,0,"",0,0
676,"بالموليف جل الاستحمام بالعسل والحليب","","https://cdn.basket.jo/assets/images/products/list/676_1513179014.jpg","https://cdn.basket.jo/assets/images/products/detail/676_1513179014.jpg",1.66,1.66,0,0,"",232317,23000,1,"ml",0,18,"250",0,0,1,"متوفر",0,180,67,"MAF Carrefour-City Mall",3868,"العناية الشخصية",3908,"سائل الاستحمام وغسول الجسم",598,"بالموليف",0,0,"",0,0
8649,"بالموليف جل للاستحمام","","https://cdn.basket.jo/assets/images/products/list/8649_1518523393.jpg","https://cdn.basket.jo/assets/images/products/detail/8649_1518523393.jpg",1.9,1.9,0,0,"",215537,23006,1,"ml",0,18,"250",0,0,1,"متوفر",0,180,67,"MAF Carrefour-City Mall",3868,"العناية الشخصية",3908,"سائل الاستحمام وغسول الجسم",598,"بالموليف",0,0,"",0,0
677,"بالموليف جل للاستحمام بالزيتون","","https://cdn.basket.jo/assets/images/products/list/677_1513179014.jpg","https://cdn.basket.jo/assets/images/products/detail/677_1513179014.jpg",1.66,1.66,0,0,"",229231,23001,1,"ml",0,18,"250",0,0,1,"متوفر",0,180,67,"MAF Carrefour-City Mall",3868,"العناية الشخصية",3908,"سائل الاستحمام وغسول الجسم",598,"بالموليف",0,0,"",0,0
17331,"بالموليف
زيت
 لومينويس
غسول جسم","","https://cdn.basket.jo/assets/images/products/list/17331_1626099752.jpg","https://cdn.basket.jo/assets/images/products/detail/17331_1626099752.jpg",3.2,3.2,0,0,"",215548,23049,1,"ml",0,18,"500",0,0,1,"متوفر",0,180,67,"MAF Carrefour-City Mall",3868,"العناية الشخصية",3908,"سائل الاستحمام وغسول الجسم",598,"بالموليف",0,0,"",0,0
45365,"بالموليف شاور جل بالتين والأوركيدا","","https://cdn.basket.jo/assets/images/products/list/45365_1626100990.jpg","https://cdn.basket.jo/assets/images/products/detail/45365_1626100990.jpg",3.2,3.2,0,0,"",522107,23057,1,"ml",0,18,"500",0,0,1,"متوفر",0,180,67,"MAF Carrefour-City Mall",3868,"العناية الشخصية",3908,"سائل الاستحمام وغسول الجسم",598,"بالموليف",0,0,"",0,0
707,"بالموليف كريم للاستحمام بالحليب والعسل","","https://cdn.basket.jo/assets/images/products/list/707_1513179034.jpg","https://cdn.basket.jo/assets/images/products/detail/707_1513179034.jpg",2.59,2.59,0,0,"",483819,23042,1,"ml",0,18,"500",0,0,1,"متوفر",0,180,67,"MAF Carrefour-City Mall",3868,"العناية الشخصية",3908,"سائل الاستحمام وغسول الجسم",598,"بالموليف",0,0,"",0,0
69804,"بيتي
مارسيلياز
كريم
استحمام
فائق
اللطف مع
حليب اللوز
الحلو","","https://cdn.basket.jo/assets/images/products/list/69804_1580847059.jpg","https://cdn.basket.jo/assets/images/products/detail/69804_1580847059.jpg",1.69,1.69,0,0,"",710394,48678,1,"ml",0,18,"250",0,0,1,"متوفر",0,180,67,"MAF Carrefour-City Mall",3868,"العناية الشخصية",3908,"سائل الاستحمام وغسول الجسم",5479,"لي بيتيت مارسيليز",0,0,"",0,0
118041,"جونسونز
غسول الجسم
المضاد
للبكتيريا
بملح البحر","","https://cdn.basket.jo/assets/images/products/list/118041_1606227267.jpg","https://cdn.basket.jo/assets/images/products/detail/118041_1606227267.jpg",3.1,3.1,0,0,"",1307198,8806,1,"ml",0,18,"400",0,0,1,"متوفر",0,180,67,"MAF Carrefour-City Mall",3868,"العناية الشخصية",3908,"سائل الاستحمام وغسول الجسم",342,"جونسونز",0,0,"",0,0
17739,"جونسونز
فيتا ريتش
صابون سائل
للاستحمام
بزيت بذور
العنب","","https://cdn.basket.jo/assets/images/products/list/17739_1629884005.jpg","https://cdn.basket.jo/assets/images/products/detail/17739_1629884005.jpg",1.55,1.55,0,0,"",215562,8703,1,"ml",0,18,"250",0,0,1,"متوفر",0,180,67,"MAF Carrefour-City Mall",3868,"العناية الشخصية",3908,"سائل الاستحمام وغسول الجسم",342,"جونسونز",0,0,"",0,0
73550,"جونسون سائل استحمام مضاد للبكتيريا بملح البحر","","https://cdn.basket.jo/assets/images/products/list/73550_1627560789.jpg","https://cdn.basket.jo/assets/images/products/detail/73550_1627560789.jpg",2.7,2.7,0,0,"",785711,8716,1,"ml",0,18,"250",0,0,1,"متوفر",0,180,67,"MAF Carrefour-City Mall",3868,"العناية الشخصية",3908,"سائل الاستحمام وغسول الجسم",342,"جونسونز",0,0,"",0,0
95102,"جونسون سائل إستحمام مضاد للبكتيريا مرطب و منعش بزهر اللوز","","https://cdn.basket.jo/assets/images/products/list/95102_1627560789.jpg","https://cdn.basket.jo/assets/images/products/detail/95102_1627560789.jpg",2.7,2.7,0,0,"",1343044,8717,1,"ml",0,18,"250",0,0,1,"متوفر",0,180,67,"MAF Carrefour-City Mall",3868,"العناية الشخصية",3908,"سائل الاستحمام وغسول الجسم",342,"جونسونز",0,0,"",0,0
14349,"جونسون
صابون سائل
للاستحمام 
مع ماء
الورد","","https://cdn.basket.jo/assets/images/products/list/14349_1627542714.jpg","https://cdn.basket.jo/assets/images/products/detail/14349_1627542714.jpg",2.25,2.25,0,0,"",215582,8788,1,"ml",0,18,"400",0,0,1,"متوفر",0,180,67,"MAF Carrefour-City Mall",3868,"العناية الشخصية",3908,"سائل الاستحمام وغسول الجسم",342,"جونسونز",0,0,"",0,0
52412,"جيرسي شامبو كريمي للشعر و الجسم سحر المساء","","https://cdn.basket.jo/assets/images/products/list/52412_1547635223.jpg","https://cdn.basket.jo/assets/images/products/detail/52412_1547635223.jpg",2.95,2.95,0,0,"",710710,38469,1,"L",0,19,"2",0,0,1,"متوفر",0,180,67,"MAF Carrefour-City Mall",3868,"العناية الشخصية",3908,"سائل الاستحمام وغسول الجسم",4433,"جيرسي",0,0,"",0,0
51323,"جيرسي شامبو للجسم والشعر برائحة الورد وزهرة الجاردينيا السوداء","","https://cdn.basket.jo/assets/images/products/list/51323_1547391492.jpg","https://cdn.basket.jo/assets/images/products/detail/51323_1547391492.jpg",2.95,2.95,0,0,"",710711,38467,1,"L",0,19,"2",0,0,1,"متوفر",0,180,67,"MAF Carrefour-City Mall",3868,"العناية الشخصية",3908,"سائل الاستحمام وغسول الجسم",4433,"جيرسي",0,0,"",0,0
51324,"جيرسي شامبو للشعر والجسم برائحة الموج الأزرق","","https://cdn.basket.jo/assets/images/products/list/51324_1582640942.jpg","https://cdn.basket.jo/assets/images/products/detail/51324_1582640942.jpg",2.95,2.95,0,0,"",710712,38468,1,"L",0,19,"2",0,0,1,"متوفر",0,180,67,"MAF Carrefour-City Mall",3868,"العناية الشخصية",3908,"سائل الاستحمام وغسول الجسم",4433,"جيرسي",0,0,"",0,0
153754,"دوف غسول مرطب للجسم برائحة الخيار والشاي الأخضر","","https://cdn.basket.jo/assets/images/products/list/153754_1627343883.jpg","https://cdn.basket.jo/assets/images/products/detail/153754_1627343883.jpg",2.2,2.2,0,0,"",2199555,11805,1,"ml",0,18,"88",0,0,1,"متوفر",0,180,67,"MAF Carrefour-City Mall",3868,"العناية الشخصية",3908,"سائل الاستحمام وغسول الجسم",641,"دوف",0,0,"",0,0
17721,"ديتول الاصلي غسول للجسم","","https://cdn.basket.jo/assets/images/products/list/17721_1628499135.jpg","https://cdn.basket.jo/assets/images/products/detail/17721_1628499135.jpg",5.99,5.99,0,0,"",385111,3942,1,"ml",0,18,"700",0,0,1,"متوفر",0,180,67,"MAF Carrefour-City Mall",3868,"العناية الشخصية",3908,"سائل الاستحمام وغسول الجسم",686,"ديتول",0,0,"",0,0
17664,"ديتول
العناية
بالبشرة 
غسول الجسم المضاد للبكتيريا ","","https://cdn.basket.jo/assets/images/products/list/17664_1628499902.jpg","https://cdn.basket.jo/assets/images/products/detail/17664_1628499902.jpg",5.99,5.99,0,0,"",386774,3940,1,"ml",0,18,"700",0,0,1,"متوفر",0,180,67,"MAF Carrefour-City Mall",3868,"العناية الشخصية",3908,"سائل الاستحمام وغسول الجسم",686,"ديتول",0,0,"",0,0
73551,"ديتول بامبر جل للاستحمام ضد البكتيريا بالتين و زهرة الاوركيد","","https://cdn.basket.jo/assets/images/products/list/73551_1627560793.jpg","https://cdn.basket.jo/assets/images/products/detail/73551_1627560793.jpg",3.75,3.75,0,0,"",1343416,3860,1,"ml",0,18,"250",0,0,1,"متوفر",0,180,67,"MAF Carrefour-City Mall",3868,"العناية الشخصية",3908,"سائل الاستحمام وغسول الجسم",686,"ديتول",0,0,"",0,0
17578,"ديتول جل الاستحمام المضاد للبكتيريا 
للبشرة
الحساسة","","https://cdn.basket.jo/assets/images/products/list/17578_1626099801.jpg","https://cdn.basket.jo/assets/images/products/detail/17578_1626099801.jpg",3.15,3.15,0,0,"",215477,3833,1,"ml",0,18,"250",0,0,1,"متوفر",0,180,67,"MAF Carrefour-City Mall",3868,"العناية الشخصية",3908,"سائل الاستحمام وغسول الجسم",686,"ديتول",0,0,"",0,0
96165,"ديتول  سائل
استحمام
مضاد
للبكتيريا
بخلاصة
الصبار
","","https://cdn.basket.jo/assets/images/products/list/96165_1627560793.jpg","https://cdn.basket.jo/assets/images/products/detail/96165_1627560793.jpg",4.99,5.7,0,0,"",1343414,3930,1,"ml",0,18,"500",0,0,1,"متوفر",0,180,67,"MAF Carrefour-City Mall",3868,"العناية الشخصية",3908,"سائل الاستحمام وغسول الجسم",686,"ديتول",0,0,"",0,0
96162,"ديتول سائل استحمام مغذي بالعسل وزبدة الشيا","","https://cdn.basket.jo/assets/images/products/list/96162_1628414255.jpg","https://cdn.basket.jo/assets/images/products/detail/96162_1628414255.jpg",3.75,3.75,0,0,"",1343419,3863,1,"ml",0,18,"250",0,0,1,"متوفر",0,180,67,"MAF Carrefour-City Mall",3868,"العناية الشخصية",3908,"سائل الاستحمام وغسول الجسم",686,"ديتول",0,0,"",0,0
96167,"ديتول سينسيتيف سائل
استحمام
مضاد
للبكتيريا
برائحة اللافندر والمسك الأبيض","","https://cdn.basket.jo/assets/images/products/list/96167_1627560795.jpg","https://cdn.basket.jo/assets/images/products/detail/96167_1627560795.jpg",7.19,7.19,0,0,"",1343120,3944,1,"ml",0,18,"700",0,0,1,"متوفر",0,180,67,"MAF Carrefour-City Mall",3868,"العناية الشخصية",3908,"سائل الاستحمام وغسول الجسم",686,"ديتول",0,0,"",0,0
25800,"ديتول صابون للايدي للعناية
بالبشرة مضاد للبكتيريا","","https://cdn.basket.jo/assets/images/products/list/25800_1628497495.jpg","https://cdn.basket.jo/assets/images/products/detail/25800_1628497495.jpg",4.95,4.95,0,0,"",215400,3878,1,"ml",0,18,"400",0,0,1,"متوفر",0,180,67,"MAF Carrefour-City Mall",3868,"العناية الشخصية",3908,"سائل الاستحمام وغسول الجسم",686,"ديتول",0,0,"",0,0
17655,"ديتول غسول الجسم المضاد للبكتيريا","","https://cdn.basket.jo/assets/images/products/list/17655_1579183907.jpg","https://cdn.basket.jo/assets/images/products/detail/17655_1579183907.jpg",5.99,5.99,0,0,"",215493,3939,1,"ml",0,18,"700",0,0,1,"متوفر",0,180,67,"MAF Carrefour-City Mall",3868,"العناية الشخصية",3908,"سائل الاستحمام وغسول الجسم",686,"ديتول",0,0,"",0,0
17651,"ديتول غسول الجسم المضاد للبكتيريا","","https://cdn.basket.jo/assets/images/products/list/17651_1628500095.jpg","https://cdn.basket.jo/assets/images/products/detail/17651_1628500095.jpg",4.99,5.79,0,0,"",215490,3938,1,"ml",0,18,"650",0,0,1,"متوفر",0,180,67,"MAF Carrefour-City Mall",3868,"العناية الشخصية",3908,"سائل الاستحمام وغسول الجسم",686,"ديتول",0,0,"",0,0
8758,"ديتول 
غسول 
الجسم المنعش","","https://cdn.basket.jo/assets/images/products/list/8758_1583252928.jpg","https://cdn.basket.jo/assets/images/products/detail/8758_1583252928.jpg",3.15,3.15,0,0,"",215475,3824,1,"ml",0,18,"250",0,0,1,"متوفر",0,180,67,"MAF Carrefour-City Mall",3868,"العناية الشخصية",3908,"سائل الاستحمام وغسول الجسم",686,"ديتول",0,0,"",0,0
28161,"ديتول غسول
الجسم
للعناية
بالبشرة
مضاد
للبكتيريا","","https://cdn.basket.jo/assets/images/products/list/28161_1579444940.jpg","https://cdn.basket.jo/assets/images/products/detail/28161_1579444940.jpg",4.19,4.19,0,0,"",215478,3845,1,"ml",0,18,"250",0,0,1,"متوفر",0,180,67,"MAF Carrefour-City Mall",3868,"العناية الشخصية",3908,"سائل الاستحمام وغسول الجسم",686,"ديتول",0,0,"",0,0
36145,"ديتول غسول
جسم ضد
الجراثيم 
غسول الجسم
للبشرة 
الحساسة","","https://cdn.basket.jo/assets/images/products/list/36145_1627560271.jpg","https://cdn.basket.jo/assets/images/products/detail/36145_1627560271.jpg",4.99,5.2,0,0,"",215487,3923,1,"ml",0,18,"500",0,0,1,"متوفر",0,180,67,"MAF Carrefour-City Mall",3868,"العناية الشخصية",3908,"سائل الاستحمام وغسول الجسم",686,"ديتول",0,0,"",0,0
36111,"ديتول 
غسول جسم كول
ضد
البكتيريا","","https://cdn.basket.jo/assets/images/products/list/36111_1628493547.jpg","https://cdn.basket.jo/assets/images/products/detail/36111_1628493547.jpg",4.99,6.2,0,0,"",215488,3920,1,"ml",0,18,"500",0,0,1,"متوفر",0,180,67,"MAF Carrefour-City Mall",3868,"العناية الشخصية",3908,"سائل الاستحمام وغسول الجسم",686,"ديتول",0,0,"",0,0
65304,"ديتول غسول للايدي للبشرة الحساسة","","https://cdn.basket.jo/assets/images/products/list/65304_1563618043.jpg","https://cdn.basket.jo/assets/images/products/detail/65304_1563618043.jpg",3.59,3.59,0,0,"",524695,4074,1,"ct",0,22,"2",0,0,1,"متوفر",0,180,67,"MAF Carrefour-City Mall",3868,"العناية الشخصية",3908,"سائل الاستحمام وغسول الجسم",686,"ديتول",0,0,"",0,0
36128,"ديتول غسول للجسم  مضاد للبكتيريا للعناية بالبشرة","","https://cdn.basket.jo/assets/images/products/list/36128_1628493416.jpg","https://cdn.basket.jo/assets/images/products/detail/36128_1628493416.jpg",4.75,4.75,0,0,"",215486,3921,1,"ml",0,18,"500",0,0,1,"متوفر",0,180,67,"MAF Carrefour-City Mall",3868,"العناية الشخصية",3908,"سائل الاستحمام وغسول الجسم",686,"ديتول",0,0,"",0,0
153851,"سافانا بي غسول للجسم بالعسل الطبيعي برائحة اللافندر وإكليل الجبل","","https://cdn.basket.jo/assets/images/products/list/153851_1627344638.jpg","https://cdn.basket.jo/assets/images/products/detail/153851_1627344638.jpg",12.6,12.6,0,0,"",2206477,64829,1,"ml",0,18,"280.9",0,0,1,"متوفر",0,180,67,"MAF Carrefour-City Mall",3868,"العناية الشخصية",3908,"سائل الاستحمام وغسول الجسم",3227,"سافانا بي",0,0,"",0,0
17402,"فا اكتيف
سبورت جل
استحمام
للرجال","","https://cdn.basket.jo/assets/images/products/list/17402_1626099763.jpg","https://cdn.basket.jo/assets/images/products/detail/17402_1626099763.jpg",2,2,0,0,"",215409,20726,1,"ml",0,18,"250",0,0,1,"متوفر",0,180,67,"MAF Carrefour-City Mall",3868,"العناية الشخصية",3908,"سائل الاستحمام وغسول الجسم",1371,"فا",0,0,"",0,0
17421,"فا سائل الاستحمام بخلاصة جوز الهند","","https://cdn.basket.jo/assets/images/products/list/17421_1626099767.jpg","https://cdn.basket.jo/assets/images/products/detail/17421_1626099767.jpg",1.99,1.99,0,0,"",215412,20730,1,"ml",0,18,"250",0,0,1,"متوفر",0,180,67,"MAF Carrefour-City Mall",3868,"العناية الشخصية",3908,"سائل الاستحمام وغسول الجسم",1371,"فا",0,0,"",0,0
17395,"فا سائل للاستحمام بالالوفيرا واللبن","","https://cdn.basket.jo/assets/images/products/list/17395_1626099761.jpg","https://cdn.basket.jo/assets/images/products/detail/17395_1626099761.jpg",2,2,0,0,"",215418,20725,1,"ml",0,18,"250",0,0,1,"متوفر",0,180,67,"MAF Carrefour-City Mall",3868,"العناية الشخصية",3908,"سائل الاستحمام وغسول الجسم",1371,"فا",0,0,"",0,0
95573,"فا سبورت
جل 
للاستحمام
برائحة
الحمضيات
الخضراء للرجال","","https://cdn.basket.jo/assets/images/products/list/95573_1592318986.jpg","https://cdn.basket.jo/assets/images/products/detail/95573_1592318986.jpg",2.99,3.95,1,0.96,"0.96 off",1344575,20753,1,"ml",0,18,"750",0,0,1,"متوفر",0,180,67,"MAF Carrefour-City Mall",3868,"العناية الشخصية",3908,"سائل الاستحمام وغسول الجسم",1371,"فا",0,0,"",0,0
17372,"فا غسول جسم
برائحة الفانيلا والعسل
مع بروتين اللبن","","https://cdn.basket.jo/assets/images/products/list/17372_1629534242.jpg","https://cdn.basket.jo/assets/images/products/detail/17372_1629534242.jpg",3.99,3.99,0,0,"",228858,20749,1,"ml",0,18,"750",0,0,1,"متوفر",0,180,67,"MAF Carrefour-City Mall",3868,"العناية الشخصية",3908,"سائل الاستحمام وغسول الجسم",1371,"فا",0,0,"",0,0
17410,"فا كريم استحمام باللبن اليوناني واللوز ","","https://cdn.basket.jo/assets/images/products/list/17410_1626099765.jpg","https://cdn.basket.jo/assets/images/products/detail/17410_1626099765.jpg",2.99,3.99,1,1,"1.00 off",232747,20751,1,"ml",0,18,"750",0,0,1,"متوفر",0,180,67,"MAF Carrefour-City Mall",3868,"العناية الشخصية",3908,"سائل الاستحمام وغسول الجسم",1371,"فا",0,0,"",0,0
17414,"فا كريم استحمام للجسم بالسوسنة الذهبية وخلاصة العسل","","https://cdn.basket.jo/assets/images/products/list/17414_1626099765.jpg","https://cdn.basket.jo/assets/images/products/detail/17414_1626099765.jpg",1.9,1.9,0,0,"",215415,20727,1,"ml",0,18,"250",0,0,1,"متوفر",0,180,67,"MAF Carrefour-City Mall",3868,"العناية الشخصية",3908,"سائل الاستحمام وغسول الجسم",1371,"فا",0,0,"",0,0
17333,"فا  كريم الاستحمام كريم و
زيت زبدة
الكاكاو","","https://cdn.basket.jo/assets/images/products/list/17333_1626099753.jpg","https://cdn.basket.jo/assets/images/products/detail/17333_1626099753.jpg",2.99,3.99,1,1,"1.00 off",215512,20745,1,"ml",0,18,"750",0,0,1,"متوفر",0,180,67,"MAF Carrefour-City Mall",3868,"العناية الشخصية",3908,"سائل الاستحمام وغسول الجسم",1371,"فا",0,0,"",0,0
135916,"فا ميستك مومنتس كريم الاستحمام برائحة باشن فلاور","","https://cdn.basket.jo/assets/images/products/list/135916_1617186695.jpg","https://cdn.basket.jo/assets/images/products/detail/135916_1617186695.jpg",2.99,3.95,1,0.96,"0.96 off",1756017,0,1,"ml",0,18,"750",0,0,1,"متوفر",0,180,67,"MAF Carrefour-City Mall",3868,"العناية الشخصية",3908,"سائل الاستحمام وغسول الجسم",1371,"فا",0,0,"",0,0
14354,"كاريكس كريم مرطب للاستحمام","","https://cdn.basket.jo/assets/images/products/list/14354_1624177693.jpg","https://cdn.basket.jo/assets/images/products/detail/14354_1624177693.jpg",2.2,2.2,0,0,"",865184,69187,1,"ml",0,18,"500",0,0,1,"متوفر",0,180,67,"MAF Carrefour-City Mall",3868,"العناية الشخصية",3908,"سائل الاستحمام وغسول الجسم",1631,"كاريكس",0,0,"",0,0
136250,"كاسونس امبيريال ليذر شامبو استحمام بمعادن البحر والنعناع للرجال","","https://cdn.basket.jo/assets/images/products/list/136250_1617176445.jpg","https://cdn.basket.jo/assets/images/products/detail/136250_1617176445.jpg",3.29,3.29,0,0,"",1752348,68172,1,"ml",0,18,"400",0,0,1,"متوفر",0,180,67,"MAF Carrefour-City Mall",3868,"العناية الشخصية",3908,"سائل الاستحمام وغسول الجسم",1173,"إمبيريال ليذير",0,0,"",0,0
574,"كاميو جل الاستحمام برائحة الأزهار المائية","","https://cdn.basket.jo/assets/images/products/list/574_1604922045.jpg","https://cdn.basket.jo/assets/images/products/detail/574_1604922045.jpg",0.863,0.863,0,0,"",215507,13566,1,"ml",0,18,"375",0,0,1,"متوفر",0,180,67,"MAF Carrefour-City Mall",3868,"العناية الشخصية",3908,"سائل الاستحمام وغسول الجسم",920,"كاميو",0,0,"",0,0
573,"كاميو جل الاستحمام برائحة العنبر الشرقي","","https://cdn.basket.jo/assets/images/products/list/573_1604922027.jpg","https://cdn.basket.jo/assets/images/products/detail/573_1604922027.jpg",0.853,0.853,0,0,"",215510,13565,1,"ml",0,18,"375",0,0,1,"متوفر",0,180,67,"MAF Carrefour-City Mall",3868,"العناية الشخصية",3908,"سائل الاستحمام وغسول الجسم",920,"كاميو",0,0,"",0,0
572,"كاميو جل الاستحمام برائحة الغابة الخضراء","","https://cdn.basket.jo/assets/images/products/list/572_1604922004.jpg","https://cdn.basket.jo/assets/images/products/detail/572_1604922004.jpg",0.853,0.853,0,0,"",215509,13564,1,"ml",0,18,"375",0,0,1,"متوفر",0,180,67,"MAF Carrefour-City Mall",3868,"العناية الشخصية",3908,"سائل الاستحمام وغسول الجسم",920,"كاميو",0,0,"",0,0
571,"كاميو جل الاستحمام برائحة الفواكه الاستوائية","","https://cdn.basket.jo/assets/images/products/list/571_1604921980.jpg","https://cdn.basket.jo/assets/images/products/detail/571_1604921980.jpg",0.853,0.853,0,0,"",215508,13563,1,"ml",0,18,"375",0,0,1,"متوفر",0,180,67,"MAF Carrefour-City Mall",3868,"العناية الشخصية",3908,"سائل الاستحمام وغسول الجسم",920,"كاميو",0,0,"",0,0
17733,"لايف بوي
العناية
المتكاملة
10 غسول
الجسم
المضاد
للبكتيريا","","https://cdn.basket.jo/assets/images/products/list/17733_1626099826.jpg","https://cdn.basket.jo/assets/images/products/detail/17733_1626099826.jpg",3.69,3.69,0,0,"",711735,23728,1,"ml",0,18,"300",0,0,1,"متوفر",0,180,67,"MAF Carrefour-City Mall",3868,"العناية الشخصية",3908,"سائل الاستحمام وغسول الجسم",1141,"لايف بوي",0,0,"",0,0
17736,"لايف بوي
العناية
المتكاملة
10 
غسول
للجسم مضاد
للبكتيريا","","https://cdn.basket.jo/assets/images/products/list/17736_1577112770.jpg","https://cdn.basket.jo/assets/images/products/detail/17736_1577112770.jpg",5.59,5.59,0,0,"",229076,23761,1,"ml",0,18,"500",0,0,1,"متوفر",0,180,67,"MAF Carrefour-City Mall",3868,"العناية الشخصية",3908,"سائل الاستحمام وغسول الجسم",1141,"لايف بوي",0,0,"",0,0
90556,"لايفبوي سائل استحمام شاي متاشا ","","https://cdn.basket.jo/assets/images/products/list/90556_1627560792.jpg","https://cdn.basket.jo/assets/images/products/detail/90556_1627560792.jpg",4.1,4.1,0,0,"",897259,23739,1,"ml",0,18,"300",0,0,1,"متوفر",0,180,67,"MAF Carrefour-City Mall",3868,"العناية الشخصية",3908,"سائل الاستحمام وغسول الجسم",1141,"لايف بوي",0,0,"",0,0
36122,"لايف بوي سائل استحمام طبيعي","","https://cdn.basket.jo/assets/images/products/list/36122_1627560263.jpg","https://cdn.basket.jo/assets/images/products/detail/36122_1627560263.jpg",5.59,5.59,0,0,"",710708,23765,1,"ml",0,18,"500",0,0,1,"متوفر",0,180,67,"MAF Carrefour-City Mall",3868,"العناية الشخصية",3908,"سائل الاستحمام وغسول الجسم",1141,"لايف بوي",0,0,"",0,0
17732,"لايف بوي عناية ناعمة سائل استحمام للجسم مضاد للبكتيريا","","https://cdn.basket.jo/assets/images/products/list/17732_1577112706.jpg","https://cdn.basket.jo/assets/images/products/detail/17732_1577112706.jpg",5.59,5.59,0,0,"",522109,23760,1,"ml",0,18,"500",0,0,1,"متوفر",0,180,67,"MAF Carrefour-City Mall",3868,"العناية الشخصية",3908,"سائل الاستحمام وغسول الجسم",1141,"لايف بوي",0,0,"",0,0
90558,"لايفبوي
غسول الجسم
بخلاصة شاي ماتشا 
الأخضر
والصبار","","https://cdn.basket.jo/assets/images/products/list/90558_1591266007.jpg","https://cdn.basket.jo/assets/images/products/detail/90558_1591266007.jpg",5.3,5.3,0,0,"",897260,23774,1,"ml",0,18,"500",0,0,1,"متوفر",0,180,67,"MAF Carrefour-City Mall",3868,"العناية الشخصية",3908,"سائل الاستحمام وغسول الجسم",1141,"لايف بوي",0,0,"",0,0
90561,"لايفبوي غسول الجسم ماتشا الشاي الأخضر والصبار","","https://cdn.basket.jo/assets/images/products/list/90561_1627560797.jpg","https://cdn.basket.jo/assets/images/products/detail/90561_1627560797.jpg",6.7,6.7,0,0,"",897257,23776,1,"ml",0,18,"500",0,0,1,"متوفر",0,180,67,"MAF Carrefour-City Mall",3868,"العناية الشخصية",3908,"سائل الاستحمام وغسول الجسم",1141,"لايف بوي",0,0,"",0,0
36118,"لايفبوي غسول جسم مضاد للبكتيريا عناية ناعمة","","https://cdn.basket.jo/assets/images/products/list/36118_1627560261.jpg","https://cdn.basket.jo/assets/images/products/detail/36118_1627560261.jpg",3.69,3.69,0,0,"",231453,23729,1,"ml",0,18,"300",0,0,1,"متوفر",0,180,67,"MAF Carrefour-City Mall",3868,"العناية الشخصية",3908,"سائل الاستحمام وغسول الجسم",1141,"لايف بوي",0,0,"",0,0
95100,"لو بيتي مرسيليا سائل الاستحمام فائق النعومة بالحليب","","https://cdn.basket.jo/assets/images/products/list/95100_1627560791.jpg","https://cdn.basket.jo/assets/images/products/detail/95100_1627560791.jpg",1.69,1.69,0,0,"",1343046,48680,1,"ml",0,18,"250",0,0,1,"متوفر",0,180,67,"MAF Carrefour-City Mall",3868,"العناية الشخصية",3908,"سائل الاستحمام وغسول الجسم",5479,"لي بيتيت مارسيليز",0,0,"",0,0
126470,"لوكس دريم ديلايت سائل استحمام + لوفة","","https://cdn.basket.jo/assets/images/products/list/126470_1611244012.jpg","https://cdn.basket.jo/assets/images/products/detail/126470_1611244012.jpg",1.6,1.6,0,0,"",1595476,18381,1,"ml",0,18,"250",0,0,1,"متوفر",0,180,67,"MAF Carrefour-City Mall",3868,"العناية الشخصية",3908,"سائل الاستحمام وغسول الجسم",692,"لوكس",0,0,"",0,0
66410,"لوكس غسول الجسم المرطب الورد الناعم","","https://cdn.basket.jo/assets/images/products/list/66410_1618830385.jpg","https://cdn.basket.jo/assets/images/products/detail/66410_1618830385.jpg",2.93,2.93,0,0,"",525106,18427,1,"ml",0,18,"500",0,0,1,"متوفر",0,180,67,"MAF Carrefour-City Mall",3868,"العناية الشخصية",3908,"سائل الاستحمام وغسول الجسم",692,"لوكس",0,0,"",0,0
67059,"لوكس غسول الجسم بملمس الحرير بزهر الجاردينيا ومجموعة زيوت + ليفة مجاناً ","","https://cdn.basket.jo/assets/images/products/list/67059_1626101145.jpg","https://cdn.basket.jo/assets/images/products/detail/67059_1626101145.jpg",1.6,1.6,0,0,"",525381,18370,1,"ml",0,18,"250",0,0,1,"متوفر",0,180,67,"MAF Carrefour-City Mall",3868,"العناية الشخصية",3908,"سائل الاستحمام وغسول الجسم",692,"لوكس",0,0,"",0,0
81109,"لوكس غسول للجسم برائحة الياسمين ","","https://cdn.basket.jo/assets/images/products/list/81109_1608844540.jpg","https://cdn.basket.jo/assets/images/products/detail/81109_1608844540.jpg",2.93,2.93,0,0,"",1604805,18432,1,"ml",0,18,"500",0,0,1,"متوفر",0,180,67,"MAF Carrefour-City Mall",3868,"العناية الشخصية",3908,"سائل الاستحمام وغسول الجسم",692,"لوكس",0,0,"",0,0
130741,"لوكس لمسة ناعمة غسول جسم مرطب مع ليفة","","https://cdn.basket.jo/assets/images/products/list/130741_1620227225.jpg","https://cdn.basket.jo/assets/images/products/detail/130741_1620227225.jpg",1.6,1.6,0,0,"",1629557,18385,1,"ml",0,18,"250",0,0,1,"متوفر",0,180,67,"MAF Carrefour-City Mall",3868,"العناية الشخصية",3908,"سائل الاستحمام وغسول الجسم",692,"لوكس",0,0,"",0,0
65444,"لوكس ملمس الحرير غسول جسم مرطب","","https://cdn.basket.jo/assets/images/products/list/65444_1630158510.jpg","https://cdn.basket.jo/assets/images/products/detail/65444_1630158510.jpg",2.89,2.89,0,0,"",522105,18426,1,"ml",0,18,"500",0,0,1,"متوفر",0,180,67,"MAF Carrefour-City Mall",3868,"العناية الشخصية",3908,"سائل الاستحمام وغسول الجسم",692,"لوكس",0,0,"",0,0
17376,"لويال باشن
جل الاستحمام","","https://cdn.basket.jo/assets/images/products/list/17376_1576182672.jpg","https://cdn.basket.jo/assets/images/products/detail/17376_1576182672.jpg",1.75,1.75,0,0,"",230079,8494,1,"L",0,19,"1.1",0,0,1,"متوفر",0,180,67,"MAF Carrefour-City Mall",3868,"العناية الشخصية",3908,"سائل الاستحمام وغسول الجسم",1685,"لويال",0,0,"",0,0
151558,"لويال جل استحمام منشط  بالحمضيات وشجرة الشاي","","https://cdn.basket.jo/assets/images/products/list/151558_1627344988.jpg","https://cdn.basket.jo/assets/images/products/detail/151558_1627344988.jpg",1.99,1.99,0,0,"",2144633,8483,1,"ml",0,18,"900",0,0,1,"متوفر",0,180,67,"MAF Carrefour-City Mall",3868,"العناية الشخصية",3908,"سائل الاستحمام وغسول الجسم",1685,"لويال",0,0,"",0,0
51381,"لويال جل الاستحمام","","https://cdn.basket.jo/assets/images/products/list/51381_1583176618.jpg","https://cdn.basket.jo/assets/images/products/detail/51381_1583176618.jpg",1.75,1.75,0,0,"",385890,8484,1,"ml",0,18,"1100",0,0,1,"متوفر",0,180,67,"MAF Carrefour-City Mall",3868,"العناية الشخصية",3908,"سائل الاستحمام وغسول الجسم",1685,"لويال",0,0,"",0,0
17378,"لويال ديب اوشن عسول جسم","","https://cdn.basket.jo/assets/images/products/list/17378_1579899794.jpg","https://cdn.basket.jo/assets/images/products/detail/17378_1579899794.jpg",1.75,1.75,0,0,"",231891,8495,1,"L",0,19,"1.1",0,0,1,"متوفر",0,180,67,"MAF Carrefour-City Mall",3868,"العناية الشخصية",3908,"سائل الاستحمام وغسول الجسم",1685,"لويال",0,0,"",0,0
133663,"لويال سائل لغسل الجسم واليدين برائحة الباتشولي والعنبر","","https://cdn.basket.jo/assets/images/products/list/133663_1616053106.jpg","https://cdn.basket.jo/assets/images/products/detail/133663_1616053106.jpg",0.99,0.99,0,0,"",1721954,8439,1,"ml",0,18,"500",0,0,1,"متوفر",0,180,67,"MAF Carrefour-City Mall",3868,"العناية الشخصية",3908,"سائل الاستحمام وغسول الجسم",1685,"لويال",0,0,"",0,0
69805,"لي بيتيت
مارسيليز
كريم
استحمام 
برائحة
التوت و
الفاوانيا
فائق اللطف","","https://cdn.basket.jo/assets/images/products/list/69805_1580847017.jpg","https://cdn.basket.jo/assets/images/products/detail/69805_1580847017.jpg",1.69,1.69,0,0,"",710393,48679,1,"ml",0,18,"250",0,0,1,"متوفر",0,180,67,"MAF Carrefour-City Mall",3868,"العناية الشخصية",3908,"سائل الاستحمام وغسول الجسم",5479,"لي بيتيت مارسيليز",0,0,"",0,0
72825,"لي بيتيت
مارسيليز
كريم
استحمام
برائحة
التوت و
الفاوانيا
فائق اللطف","","https://cdn.basket.jo/assets/images/products/list/72825_1618830611.jpg","https://cdn.basket.jo/assets/images/products/detail/72825_1618830611.jpg",2.49,2.49,0,0,"",710397,48684,1,"ml",0,18,"400",0,0,1,"متوفر",0,180,67,"MAF Carrefour-City Mall",3868,"العناية الشخصية",3908,"سائل الاستحمام وغسول الجسم",5479,"لي بيتيت مارسيليز",0,0,"",0,0
69806,"لي بيتيت
مارسيليز
كريم
استحمام
برائحة
الحليب
فائق اللطف","","https://cdn.basket.jo/assets/images/products/list/69806_1629955265.jpg","https://cdn.basket.jo/assets/images/products/detail/69806_1629955265.jpg",2.49,2.49,0,0,"",710395,48683,1,"ml",0,18,"400",0,0,1,"متوفر",0,180,67,"MAF Carrefour-City Mall",3868,"العناية الشخصية",3908,"سائل الاستحمام وغسول الجسم",5479,"لي بيتيت مارسيليز",0,0,"",0,0
85473,"لي بيتي مرسيليا جل الاستحمام بالتين","","https://cdn.basket.jo/assets/images/products/list/85473_1627560791.jpg","https://cdn.basket.jo/assets/images/products/detail/85473_1627560791.jpg",2.3,2.3,0,0,"",894419,0,1,"ml",0,18,"400",0,0,1,"متوفر",0,180,67,"MAF Carrefour-City Mall",3868,"العناية الشخصية",3908,"سائل الاستحمام وغسول الجسم",0,null,0,0,"",0,0
85468,"لي بيتي مرسيليا سائل استحمام بالدراق والنكتار","","https://cdn.basket.jo/assets/images/products/list/85468_1627560881.jpg","https://cdn.basket.jo/assets/images/products/detail/85468_1627560881.jpg",1.69,1.69,0,0,"",894425,0,1,"ml",0,18,"250",0,0,1,"متوفر",0,180,67,"MAF Carrefour-City Mall",3868,"العناية الشخصية",3908,"سائل الاستحمام وغسول الجسم",0,null,0,0,"",0,0
85467,"لي بيتي مرسيليا سائل استحمام باللافندر والعسل","","https://cdn.basket.jo/assets/images/products/list/85467_1627560883.jpg","https://cdn.basket.jo/assets/images/products/detail/85467_1627560883.jpg",1.69,1.69,0,0,"",894424,0,1,"ml",0,18,"250",0,0,1,"متوفر",0,180,67,"MAF Carrefour-City Mall",3868,"العناية الشخصية",3908,"سائل الاستحمام وغسول الجسم",0,null,0,0,"",0,0
85469,"لي بيتي مرسيليا سائل بحليب الفانيلا","","https://cdn.basket.jo/assets/images/products/list/85469_1627560880.jpg","https://cdn.basket.jo/assets/images/products/detail/85469_1627560880.jpg",2.49,2.49,0,0,"",894429,48685,1,"ml",0,18,"400",0,0,1,"متوفر",0,180,67,"MAF Carrefour-City Mall",3868,"العناية الشخصية",3908,"سائل الاستحمام وغسول الجسم",5479,"لي بيتيت مارسيليز",0,0,"",0,0
85470,"لي بيتي
مرسيليا
كريم
استحمام
بعسل اللافندر","","https://cdn.basket.jo/assets/images/products/list/85470_1627560882.jpg","https://cdn.basket.jo/assets/images/products/detail/85470_1627560882.jpg",2.49,2.49,0,0,"",894427,0,1,"ml",0,18,"400",0,0,1,"متوفر",0,180,67,"MAF Carrefour-City Mall",3868,"العناية الشخصية",3908,"سائل الاستحمام وغسول الجسم",0,null,0,0,"",0,0
303,"نيفيا كريم
الاستحمام
بزيت اللوز وعطر خفيف
","","https://cdn.basket.jo/assets/images/products/list/303_1582555271.jpg","https://cdn.basket.jo/assets/images/products/detail/303_1582555271.jpg",2.25,2.25,0,0,"",215532,9664,1,"ml",0,18,"250",0,0,1,"متوفر",0,180,67,"MAF Carrefour-City Mall",3868,"العناية الشخصية",3908,"سائل الاستحمام وغسول الجسم",404,"نيفيا",0,0,"",0,0
137303,"هيربل ايسنس شامبو اشراقة المغرب بزيت الأرغان لشعر لامع","","https://cdn.basket.jo/assets/images/products/list/137303_1626100715.jpg","https://cdn.basket.jo/assets/images/products/detail/137303_1626100715.jpg",1.8,1.8,0,0,"",1775216,0,1,"ml",0,18,"400",0,0,1,"متوفر",0,180,67,"MAF Carrefour-City Mall",3868,"العناية الشخصية",3908,"سائل الاستحمام وغسول الجسم",0,null,0,0,"",0,0
125327,"أجرادو جل استحمام برائحة الأكوا بلو","","https://cdn.basket.jo/assets/images/products/list/125327_1626101402.jpg","https://cdn.basket.jo/assets/images/products/detail/125327_1626101402.jpg",2.35,2.35,0,0,"",1583365,62551,1,"ml",0,18,"750",0,0,0,"غير متوفر",0,180,67,"MAF Carrefour-City Mall",3868,"العناية الشخصية",3908,"سائل الاستحمام وغسول الجسم",7195,"أجرادو",0,0,"",0,0
125326,"أجرادو جل استحمام جولد","","https://cdn.basket.jo/assets/images/products/list/125326_1626101401.jpg","https://cdn.basket.jo/assets/images/products/detail/125326_1626101401.jpg",2.35,2.35,0,0,"",1583364,62550,1,"ml",0,18,"750",0,0,0,"غير متوفر",0,180,67,"MAF Carrefour-City Mall",3868,"العناية الشخصية",3908,"سائل الاستحمام وغسول الجسم",7195,"أجرادو",0,0,"",0,0
17726,"اديداس ايس
دايف جل
استحمام
للجسم
والشعر
والوجه
للرجال","","https://cdn.basket.jo/assets/images/products/list/17726_1594583444.jpg","https://cdn.basket.jo/assets/images/products/detail/17726_1594583444.jpg",2.803,2.803,0,0,"",215574,35730,1,"ml",0,18,"250",0,0,0,"غير متوفر",0,180,67,"MAF Carrefour-City Mall",3868,"العناية الشخصية",3908,"سائل الاستحمام وغسول الجسم",695,"آديداس",0,0,"",0,0
63641,"أديداس آيس دايف غسول للجسم ,الشعر والوجه","","https://cdn.basket.jo/assets/images/products/list/63641_1627344341.jpg","https://cdn.basket.jo/assets/images/products/detail/63641_1627344341.jpg",4.39,4.39,0,0,"",518227,35746,1,"ml",0,18,"250",0,0,0,"غير متوفر",0,180,67,"MAF Carrefour-City Mall",3868,"العناية الشخصية",3908,"سائل الاستحمام وغسول الجسم",695,"آديداس",0,0,"",0,0
63643,"أديداس بيور جيم جل إستحمام للرجال","","https://cdn.basket.jo/assets/images/products/list/63643_1627344342.jpg","https://cdn.basket.jo/assets/images/products/detail/63643_1627344342.jpg",4.89,4.89,0,0,"",518229,35779,1,"ml",0,18,"2x250",0,0,0,"غير متوفر",0,180,67,"MAF Carrefour-City Mall",3868,"العناية الشخصية",3908,"سائل الاستحمام وغسول الجسم",695,"آديداس",0,0,"",0,0
42858,"اكسي غسول
للجسم كلين
فريش للرجال","","https://cdn.basket.jo/assets/images/products/list/42858_1583175349.jpg","https://cdn.basket.jo/assets/images/products/detail/42858_1583175349.jpg",2.4,2.4,0,0,"",710390,32690,1,"ml",0,18,"250",0,0,0,"غير متوفر",0,180,67,"MAF Carrefour-City Mall",3868,"العناية الشخصية",3908,"سائل الاستحمام وغسول الجسم",644,"أكسي",0,0,"",0,0
17367,"بالموليف فيل ذا مساج سائل استحمام للجسم","","https://cdn.basket.jo/assets/images/products/list/17367_1626099756.jpg","https://cdn.basket.jo/assets/images/products/detail/17367_1626099756.jpg",3.05,3.05,0,0,"",232799,23054,1,"ml",0,18,"500",0,0,0,"غير متوفر",0,180,67,"MAF Carrefour-City Mall",3868,"العناية الشخصية",3908,"سائل الاستحمام وغسول الجسم",598,"بالموليف",0,0,"",0,0
17371,"بالموليف لومينوس اويل
جل استحمام
للجسم
بخلاصة زيت
المكاديميا
والفاوانيا","","https://cdn.basket.jo/assets/images/products/list/17371_1526555285.jpg","https://cdn.basket.jo/assets/images/products/detail/17371_1526555285.jpg",2.79,2.79,0,0,"",231775,23015,1,"ml",0,18,"250",0,0,0,"غير متوفر",0,180,67,"MAF Carrefour-City Mall",3868,"العناية الشخصية",3908,"سائل الاستحمام وغسول الجسم",598,"بالموليف",0,0,"",0,0
8680,"جونسونز
فيتا-ريتش
سائل
استحمام
للجسم بزيت
بذور العنب","","https://cdn.basket.jo/assets/images/products/list/8680_1627541755.jpg","https://cdn.basket.jo/assets/images/products/detail/8680_1627541755.jpg",2.2,2.2,0,0,"",215564,8786,1,"ml",0,18,"400",0,0,0,"غير متوفر",0,180,67,"MAF Carrefour-City Mall",3868,"العناية الشخصية",3908,"سائل الاستحمام وغسول الجسم",342,"جونسونز",0,0,"",0,0
267,"جونسونز
فيتا ريتش
 صابون سائل 
للاستحمام منعم للجسم
بخلاصة
البابايا","","https://cdn.basket.jo/assets/images/products/list/267_1627542451.jpg","https://cdn.basket.jo/assets/images/products/detail/267_1627542451.jpg",1.55,1.55,0,0,"",215563,8689,1,"ml",0,18,"250",0,0,0,"غير متوفر",0,180,67,"MAF Carrefour-City Mall",3868,"العناية الشخصية",3908,"سائل الاستحمام وغسول الجسم",342,"جونسونز",0,0,"",0,0
270,"جونسون
فيتا-ريتش
صابون سائل للاستحمام مع
خلاصة
التوت ","","https://cdn.basket.jo/assets/images/products/list/270_1627542940.jpg","https://cdn.basket.jo/assets/images/products/detail/270_1627542940.jpg",2.25,2.25,0,0,"",215567,8780,1,"ml",0,18,"400",0,0,0,"غير متوفر",0,180,67,"MAF Carrefour-City Mall",3868,"العناية الشخصية",3908,"سائل الاستحمام وغسول الجسم",342,"جونسونز",0,0,"",0,0
53001,"جيرسي سائل
للاستحمام بالحليب الكريمي","","https://cdn.basket.jo/assets/images/products/list/53001_1595061234.jpg","https://cdn.basket.jo/assets/images/products/detail/53001_1595061234.jpg",2,2,0,0,"",724890,38464,1,"ml",0,18,"750",0,0,0,"غير متوفر",0,180,67,"MAF Carrefour-City Mall",3868,"العناية الشخصية",3908,"سائل الاستحمام وغسول الجسم",4433,"جيرسي",0,0,"",0,0
491,"دوف سائل الاستحمام المرطب مع اسفنجة استحمام","","https://cdn.basket.jo/assets/images/products/list/491_1575929160.jpg","https://cdn.basket.jo/assets/images/products/detail/491_1575929160.jpg",2.031,2.031,0,0,"",229859,11887,1,"ml",0,18,"250",0,0,0,"غير متوفر",0,180,67,"MAF Carrefour-City Mall",3868,"العناية الشخصية",3908,"سائل الاستحمام وغسول الجسم",641,"دوف",0,0,"",0,0
21020,"دوف غسول مغذي 
للجسم بتوهج
الحرير","","https://cdn.basket.jo/assets/images/products/list/21020_1575754521.jpg","https://cdn.basket.jo/assets/images/products/detail/21020_1575754521.jpg",3.55,3.55,0,0,"",740035,12074,1,"ml",0,18,"500",0,0,0,"غير متوفر",0,180,67,"MAF Carrefour-City Mall",3868,"العناية الشخصية",3908,"سائل الاستحمام وغسول الجسم",641,"دوف",0,0,"",0,0
153757,"دوف موس جل للاستحمام مع زيت بخاخ توت الأكي","","https://cdn.basket.jo/assets/images/products/list/153757_1627343886.jpg","https://cdn.basket.jo/assets/images/products/detail/153757_1627343886.jpg",5.8,5.8,0,0,"",2199558,11886,1,"ml",0,18,"200",0,0,0,"غير متوفر",0,180,67,"MAF Carrefour-City Mall",3868,"العناية الشخصية",3908,"سائل الاستحمام وغسول الجسم",641,"دوف",0,0,"",0,0
66889,"ديتول غسول الجسم","","https://cdn.basket.jo/assets/images/products/list/66889_1583258521.jpg","https://cdn.basket.jo/assets/images/products/detail/66889_1583258521.jpg",4.89,4.89,0,0,"",523931,4141,4,null,0,0,"0",1,0,0,"غير متوفر",0,180,67,"MAF Carrefour-City Mall",3868,"العناية الشخصية",3908,"سائل الاستحمام وغسول الجسم",686,"ديتول",0,0,"",0,0
8878,"ديتول غسول الجسم الاصلي المضاد للبكتيريا","","https://cdn.basket.jo/assets/images/products/list/8878_1583175984.jpg","https://cdn.basket.jo/assets/images/products/detail/8878_1583175984.jpg",3.15,3.15,0,0,"",215479,3827,1,"ml",0,18,"250",0,0,0,"غير متوفر",0,180,67,"MAF Carrefour-City Mall",3868,"العناية الشخصية",3908,"سائل الاستحمام وغسول الجسم",686,"ديتول",0,0,"",0,0
17680,"ديتول كوول غسول الجسم المضاد للبكتيريا","","https://cdn.basket.jo/assets/images/products/list/17680_1628499832.jpg","https://cdn.basket.jo/assets/images/products/detail/17680_1628499832.jpg",5.93,5.93,0,0,"",215494,3941,1,"ml",0,18,"700",0,0,0,"غير متوفر",0,180,67,"MAF Carrefour-City Mall",3868,"العناية الشخصية",3908,"سائل الاستحمام وغسول الجسم",686,"ديتول",0,0,"",0,0
14352,"كاريكس جل استحمام
بالفراولة
","","https://cdn.basket.jo/assets/images/products/list/14352_1524906515.jpg","https://cdn.basket.jo/assets/images/products/detail/14352_1524906515.jpg",2.2,2.2,0,0,"",865185,69186,1,"ml",0,18,"500",0,0,0,"غير متوفر",0,180,67,"MAF Carrefour-City Mall",3868,"العناية الشخصية",3908,"سائل الاستحمام وغسول الجسم",1631,"كاريكس",0,0,"",0,0
90557,"لايفبوي غسول الجسم بمعادن البحر والملح","","https://cdn.basket.jo/assets/images/products/list/90557_1591266358.jpg","https://cdn.basket.jo/assets/images/products/detail/90557_1591266358.jpg",4.1,4.1,0,0,"",897258,23740,1,"ml",0,18,"300",0,0,0,"غير متوفر",0,180,67,"MAF Carrefour-City Mall",3868,"العناية الشخصية",3908,"سائل الاستحمام وغسول الجسم",1141,"لايف بوي",0,0,"",0,0
66858,"لوكس
اقتناء
السعادة

غسول معطر
للجسم","","https://cdn.basket.jo/assets/images/products/list/66858_1631516111.jpg","https://cdn.basket.jo/assets/images/products/detail/66858_1631516111.jpg",3.2,3.2,0,0,"",523900,18449,1,"ml",0,18,"700",0,0,0,"غير متوفر",0,180,67,"MAF Carrefour-City Mall",3868,"العناية الشخصية",3908,"سائل الاستحمام وغسول الجسم",692,"لوكس",0,0,"",0,0
66859,"لوكس سائل استحمام معطر حلم السعادة","","https://cdn.basket.jo/assets/images/products/list/66859_1618830387.jpg","https://cdn.basket.jo/assets/images/products/detail/66859_1618830387.jpg",2.93,2.93,0,0,"",523901,18428,1,"ml",0,18,"500",0,0,0,"غير متوفر",0,180,67,"MAF Carrefour-City Mall",3868,"العناية الشخصية",3908,"سائل الاستحمام وغسول الجسم",692,"لوكس",0,0,"",0,0
85471,"لي بيتي مرسيليا سائل استحمام بالخوخ والنكتارين","","https://cdn.basket.jo/assets/images/products/list/85471_1593073305.jpg","https://cdn.basket.jo/assets/images/products/detail/85471_1593073305.jpg",2.49,2.49,0,0,"",894428,48686,1,"ml",0,18,"400",0,0,0,"غير متوفر",0,180,67,"MAF Carrefour-City Mall",3868,"العناية الشخصية",3908,"سائل الاستحمام وغسول الجسم",5479,"لي بيتيت مارسيليز",0,0,"",0,0
339,"نيفيا كريم
الاستحمام 
برائحة جوز
الهند مع زيت الجاجوبا","","https://cdn.basket.jo/assets/images/products/list/339_1583257066.jpg","https://cdn.basket.jo/assets/images/products/detail/339_1583257066.jpg",1.99,1.99,0,0,"",230387,9676,1,"ml",0,18,"250",0,0,0,"غير متوفر",0,180,67,"MAF Carrefour-City Mall",3868,"العناية الشخصية",3908,"سائل الاستحمام وغسول الجسم",404,"نيفيا",0,0,"",0,0